concept_id,variety_id
they,pan
what,ruk_es
what,ruk_bd
what,ruk_tw
what,ruk_tn
what,ruk_mg
what,ruk_mn
some,puy_py
some,puy_tp
some,puy_ws
some,puy_ks
other,ami_nt
other,ami_hk
other,ami_ha
other,ami_ml
other,ami_hc
other,ata_sq
other,ata_su
other,ata_ml
other,ata_pl
other,ata_sk
other,ata_kl
other,say
other,tha
other,sed_to
other,sed_tg
other,sed_tr
other,bun_td
other,bun_bh
other,bun_vt
other,bun_bn
other,bun_ib
other,pai_es
other,pai_nt
other,pai_ct
other,pai_st
other,ruk_es
other,ruk_bd
other,ruk_tw
other,ruk_tn
other,ruk_mg
other,ruk_mn
other,puy_py
other,puy_tp
other,puy_ws
other,puy_ks
other,trv
other,kav
other,tso
other,knv
other,hla
other,yam
other,sak
long,pan
heavy,pan
short,pan
narrow,ami_nt
narrow,ami_hk
narrow,ami_ha
narrow,ami_ml
narrow,ami_hc
narrow,ata_sq
narrow,ata_su
narrow,ata_ml
narrow,ata_pl
narrow,ata_sk
narrow,ata_kl
narrow,say
narrow,tha
narrow,sed_to
narrow,sed_tg
narrow,sed_tr
narrow,bun_td
narrow,bun_bh
narrow,bun_vt
narrow,bun_bn
narrow,bun_ib
narrow,pai_es
narrow,pai_nt
narrow,pai_ct
narrow,pai_st
narrow,ruk_es
narrow,ruk_bd
narrow,ruk_tw
narrow,ruk_tn
narrow,ruk_mg
narrow,ruk_mn
narrow,puy_py
narrow,puy_tp
narrow,puy_ws
narrow,puy_ks
narrow,trv
narrow,kav
narrow,tso
narrow,knv
narrow,hla
narrow,yam
narrow,sak
thin,trv
woman,trv
man,trv
wife,tha
animal,ami_nt
animal,ami_hk
animal,ami_ha
animal,ami_ml
animal,ami_hc
animal,ata_sq
animal,ata_su
animal,ata_ml
animal,ata_pl
animal,ata_sk
animal,ata_kl
animal,say
animal,tha
animal,sed_to
animal,sed_tg
animal,sed_tr
animal,bun_td
animal,bun_bh
animal,bun_vt
animal,bun_bn
animal,bun_ib
animal,pai_es
animal,pai_nt
animal,pai_ct
animal,pai_st
animal,ruk_es
animal,ruk_bd
animal,ruk_tw
animal,ruk_tn
animal,ruk_mg
animal,ruk_mn
animal,puy_py
animal,puy_tp
animal,puy_ws
animal,puy_ks
animal,trv
animal,kav
animal,tso
animal,knv
animal,hla
animal,yam
animal,sak
animal,pan
animal,pmp
bark,ami_nt
bark,ami_hk
bark,ami_ha
bark,ami_ml
bark,ami_hc
bark,ata_sq
bark,ata_su
bark,ata_ml
bark,ata_pl
bark,ata_sk
bark,ata_kl
bark,say
bark,tha
bark,sed_to
bark,sed_tg
bark,sed_tr
bark,bun_td
bark,bun_bh
bark,bun_vt
bark,bun_bn
bark,bun_ib
bark,pai_es
bark,pai_nt
bark,pai_ct
bark,pai_st
bark,ruk_es
bark,ruk_bd
bark,ruk_tw
bark,ruk_tn
bark,ruk_mg
bark,ruk_mn
bark,puy_py
bark,puy_tp
bark,puy_ws
bark,puy_ks
bark,trv
bark,kav
bark,tso
bark,knv
bark,hla
bark,yam
bark,sak
bark,pan
meat,puy_py
meat,puy_tp
meat,puy_ws
meat,puy_ks
bone,ami_nt
bone,ami_hk
bone,ami_ha
bone,ami_ml
bone,ami_hc
bone,ata_sq
bone,ata_su
bone,ata_ml
bone,ata_pl
bone,ata_sk
bone,ata_kl
bone,say
bone,tha
bone,sed_to
bone,sed_tg
bone,sed_tr
bone,bun_td
bone,bun_bh
bone,bun_vt
bone,bun_bn
bone,bun_ib
bone,pai_es
bone,pai_nt
bone,pai_ct
bone,pai_st
bone,ruk_es
bone,ruk_bd
bone,ruk_tw
bone,ruk_tn
bone,ruk_mg
bone,ruk_mn
bone,puy_py
bone,puy_tp
bone,puy_ws
bone,puy_ks
bone,trv
bone,kav
bone,tso
bone,knv
bone,hla
bone,yam
bone,sak
feather,ami_nt
feather,ami_hk
feather,ami_ha
feather,ami_ml
feather,ami_hc
feather,ata_sq
feather,ata_su
feather,ata_ml
feather,ata_pl
feather,ata_sk
feather,ata_kl
feather,say
feather,tha
feather,sed_to
feather,sed_tg
feather,sed_tr
feather,bun_td
feather,bun_bh
feather,bun_vt
feather,bun_bn
feather,bun_ib
feather,pai_es
feather,pai_nt
feather,pai_ct
feather,pai_st
feather,ruk_es
feather,ruk_bd
feather,ruk_tw
feather,ruk_tn
feather,ruk_mg
feather,ruk_mn
feather,puy_py
feather,puy_tp
feather,puy_ws
feather,puy_ks
feather,trv
feather,kav
feather,tso
feather,knv
feather,hla
feather,yam
feather,sak
feather,pan
mouth,pan
guts,ami_nt
guts,ami_hk
guts,ami_ha
guts,ami_ml
guts,ami_hc
guts,ata_sq
guts,ata_su
guts,ata_ml
guts,ata_pl
guts,ata_sk
guts,ata_kl
guts,say
guts,tha
guts,sed_to
guts,sed_tg
guts,sed_tr
guts,bun_td
guts,bun_bh
guts,bun_vt
guts,bun_bn
guts,bun_ib
guts,pai_es
guts,pai_nt
guts,pai_ct
guts,pai_st
guts,ruk_es
guts,ruk_bd
guts,ruk_tw
guts,ruk_tn
guts,ruk_mg
guts,ruk_mn
guts,puy_py
guts,puy_tp
guts,puy_ws
guts,puy_ks
guts,trv
guts,kav
guts,tso
guts,knv
guts,hla
guts,yam
guts,sak
spit,ami_nt
spit,ami_hk
spit,ami_ha
spit,ami_ml
spit,ami_hc
spit,ata_sq
spit,ata_su
spit,ata_ml
spit,ata_pl
spit,ata_sk
spit,ata_kl
spit,say
spit,tha
spit,sed_to
spit,sed_tg
spit,sed_tr
spit,bun_td
spit,bun_bh
spit,bun_vt
spit,bun_bn
spit,bun_ib
spit,pai_es
spit,pai_nt
spit,pai_ct
spit,pai_st
spit,ruk_es
spit,ruk_bd
spit,ruk_tw
spit,ruk_tn
spit,ruk_mg
spit,ruk_mn
spit,puy_py
spit,puy_tp
spit,puy_ws
spit,puy_ks
spit,trv
spit,kav
spit,tso
spit,knv
spit,hla
spit,yam
spit,sak
breathe,ami_nt
breathe,ami_hk
breathe,ami_ha
breathe,ami_ml
breathe,ami_hc
breathe,ata_sq
breathe,ata_su
breathe,ata_ml
breathe,ata_pl
breathe,ata_sk
breathe,ata_kl
breathe,say
breathe,tha
breathe,sed_to
breathe,sed_tg
breathe,sed_tr
breathe,bun_td
breathe,bun_bh
breathe,bun_vt
breathe,bun_bn
breathe,bun_ib
breathe,pai_es
breathe,pai_nt
breathe,pai_ct
breathe,pai_st
breathe,ruk_es
breathe,ruk_bd
breathe,ruk_tw
breathe,ruk_tn
breathe,ruk_mg
breathe,ruk_mn
breathe,puy_py
breathe,puy_tp
breathe,puy_ws
breathe,puy_ks
breathe,trv
breathe,kav
breathe,tso
breathe,knv
breathe,hla
breathe,yam
breathe,sak
think,pai_es
think,pai_nt
think,pai_ct
think,pai_st
think,puy_py
think,puy_tp
think,puy_ws
think,puy_ks
kill,trv
fight,pan
fight,pmp
turn,ami_nt
turn,ami_hk
turn,ami_ha
turn,ami_ml
turn,ami_hc
turn,ata_sq
turn,ata_su
turn,ata_ml
turn,ata_pl
turn,ata_sk
turn,ata_kl
turn,say
turn,tha
turn,sed_to
turn,sed_tg
turn,sed_tr
turn,bun_td
turn,bun_bh
turn,bun_vt
turn,bun_bn
turn,bun_ib
turn,pai_es
turn,pai_nt
turn,pai_ct
turn,pai_st
turn,ruk_es
turn,ruk_bd
turn,ruk_tw
turn,ruk_tn
turn,ruk_mg
turn,ruk_mn
turn,puy_py
turn,puy_tp
turn,puy_ws
turn,puy_ks
turn,trv
turn,kav
turn,tso
turn,knv
turn,hla
turn,yam
turn,sak
squeeze,tso
wipe,pan
sew,ami_nt
sew,ami_hk
sew,ami_ha
sew,ami_ml
sew,ami_hc
sew,ata_sq
sew,ata_su
sew,ata_ml
sew,ata_pl
sew,ata_sk
sew,ata_kl
sew,say
sew,tha
sew,sed_to
sew,sed_tg
sew,sed_tr
sew,bun_td
sew,bun_bh
sew,bun_vt
sew,bun_bn
sew,bun_ib
sew,pai_es
sew,pai_nt
sew,pai_ct
sew,pai_st
sew,ruk_es
sew,ruk_bd
sew,ruk_tw
sew,ruk_tn
sew,ruk_mg
sew,ruk_mn
sew,puy_py
sew,puy_tp
sew,puy_ws
sew,puy_ks
sew,trv
sew,kav
sew,tso
sew,knv
sew,hla
sew,yam
sew,sak
say,ami_nt
say,ami_hk
say,ami_ha
say,ami_ml
say,ami_hc
say,ata_sq
say,ata_su
say,ata_ml
say,ata_pl
say,ata_sk
say,ata_kl
say,pan
play,pan
play,pmp
float,ami_nt
float,ami_hk
float,ami_ha
float,ami_ml
float,ami_hc
float,ata_sq
float,ata_su
float,ata_ml
float,ata_pl
float,ata_sk
float,ata_kl
float,say
float,tha
float,sed_to
float,sed_tg
float,sed_tr
float,bun_td
float,bun_bh
float,bun_vt
float,bun_bn
float,bun_ib
float,pai_es
float,pai_nt
float,pai_ct
float,pai_st
float,ruk_es
float,ruk_bd
float,ruk_tw
float,ruk_tn
float,ruk_mg
float,ruk_mn
float,puy_py
float,puy_tp
float,puy_ws
float,puy_ks
float,trv
float,kav
float,tso
float,knv
float,hla
float,yam
float,sak
float,pan
flow,ami_nt
flow,ami_hk
flow,ami_ha
flow,ami_ml
flow,ami_hc
flow,ata_sq
flow,ata_su
flow,ata_ml
flow,ata_pl
flow,ata_sk
flow,ata_kl
flow,say
flow,tha
flow,sed_to
flow,sed_tg
flow,sed_tr
flow,bun_td
flow,bun_bh
flow,bun_vt
flow,bun_bn
flow,bun_ib
flow,pai_es
flow,pai_nt
flow,pai_ct
flow,pai_st
flow,ruk_es
flow,ruk_bd
flow,ruk_tw
flow,ruk_tn
flow,ruk_mg
flow,ruk_mn
flow,puy_py
flow,puy_tp
flow,puy_ws
flow,puy_ks
flow,trv
flow,kav
flow,tso
flow,knv
flow,hla
flow,yam
flow,sak
flow,pan
freeze,ami_nt
freeze,ami_hk
freeze,ami_ha
freeze,ami_ml
freeze,ami_hc
freeze,ata_sq
freeze,ata_su
freeze,ata_ml
freeze,ata_pl
freeze,ata_sk
freeze,ata_kl
freeze,say
freeze,tha
freeze,sed_to
freeze,sed_tg
freeze,sed_tr
freeze,bun_td
freeze,bun_bh
freeze,bun_vt
freeze,bun_bn
freeze,bun_ib
freeze,pai_es
freeze,pai_nt
freeze,pai_ct
freeze,pai_st
freeze,ruk_es
freeze,ruk_bd
freeze,ruk_tw
freeze,ruk_tn
freeze,ruk_mg
freeze,ruk_mn
freeze,puy_py
freeze,puy_tp
freeze,puy_ws
freeze,puy_ks
freeze,trv
freeze,kav
freeze,tso
freeze,knv
freeze,hla
freeze,yam
freeze,sak
freeze,pan
freeze,pmp
sea,ami_nt
sea,ami_hk
sea,ami_ha
sea,ami_ml
sea,ami_hc
sea,ata_sq
sea,ata_su
sea,ata_ml
sea,ata_pl
sea,ata_sk
sea,ata_kl
sea,say
sea,tha
sea,sed_to
sea,sed_tg
sea,sed_tr
sea,bun_td
sea,bun_bh
sea,bun_vt
sea,bun_bn
sea,bun_ib
sea,pai_es
sea,pai_nt
sea,pai_ct
sea,pai_st
sea,ruk_es
sea,ruk_bd
sea,ruk_tw
sea,ruk_tn
sea,ruk_mg
sea,ruk_mn
sea,puy_py
sea,puy_tp
sea,puy_ws
sea,puy_ks
sea,trv
sea,kav
sea,tso
sea,knv
sea,hla
sea,yam
sea,sak
sand,yam
dust,ami_nt
dust,ami_hk
dust,ami_ha
dust,ami_ml
dust,ami_hc
dust,ata_sq
dust,ata_su
dust,ata_ml
dust,ata_pl
dust,ata_sk
dust,ata_kl
dust,say
dust,tha
dust,sed_to
dust,sed_tg
dust,sed_tr
dust,bun_td
dust,bun_bh
dust,bun_vt
dust,bun_bn
dust,bun_ib
dust,pai_es
dust,pai_nt
dust,pai_ct
dust,pai_st
dust,ruk_es
dust,ruk_bd
dust,ruk_tw
dust,ruk_tn
dust,ruk_mg
dust,ruk_mn
dust,puy_py
dust,puy_tp
dust,puy_ws
dust,puy_ks
dust,trv
dust,kav
dust,tso
dust,knv
dust,hla
dust,yam
dust,sak
earth,pan
cloud,ami_nt
cloud,ami_hk
cloud,ami_ha
cloud,ami_ml
cloud,ami_hc
cloud,ata_sq
cloud,ata_su
cloud,ata_ml
cloud,ata_pl
cloud,ata_sk
cloud,ata_kl
cloud,tso
fog,ami_nt
fog,ami_hk
fog,ami_ha
fog,ami_ml
fog,ami_hc
fog,ata_sq
fog,ata_su
fog,ata_ml
fog,ata_pl
fog,ata_sk
fog,ata_kl
fog,say
fog,tha
fog,sed_to
fog,sed_tg
fog,sed_tr
fog,bun_td
fog,bun_bh
fog,bun_vt
fog,bun_bn
fog,bun_ib
fog,pai_es
fog,pai_nt
fog,pai_ct
fog,pai_st
fog,ruk_es
fog,ruk_bd
fog,ruk_tw
fog,ruk_tn
fog,ruk_mg
fog,ruk_mn
fog,puy_py
fog,puy_tp
fog,puy_ws
fog,puy_ks
fog,trv
fog,kav
fog,knv
fog,hla
fog,yam
fog,sak
fog,pan
snow,yam
ice,pan
ice,pmp
burn,pan
mountain,ami_nt
mountain,ami_hk
mountain,ami_ha
mountain,ami_ml
mountain,ami_hc
mountain,ata_sq
mountain,ata_su
mountain,ata_ml
mountain,ata_pl
mountain,ata_sk
mountain,ata_kl
mountain,say
mountain,tha
mountain,sed_to
mountain,sed_tg
mountain,sed_tr
mountain,bun_td
mountain,bun_bh
mountain,bun_vt
mountain,bun_bn
mountain,bun_ib
mountain,pai_es
mountain,pai_nt
mountain,pai_ct
mountain,pai_st
mountain,ruk_es
mountain,ruk_bd
mountain,ruk_tw
mountain,ruk_tn
mountain,ruk_mg
mountain,ruk_mn
mountain,puy_py
mountain,puy_tp
mountain,puy_ws
mountain,puy_ks
mountain,trv
mountain,kav
mountain,tso
mountain,knv
mountain,hla
mountain,yam
mountain,sak
green,pan
green,pmp
yellow,pan
yellow,pmp
warm,pan
good,puy_py
good,puy_tp
good,puy_ws
good,puy_ks
good,pan
rotten,ami_nt
rotten,ami_hk
rotten,ami_ha
rotten,ami_ml
rotten,ami_hc
rotten,ata_sq
rotten,ata_su
rotten,ata_ml
rotten,ata_pl
rotten,ata_sk
rotten,ata_kl
rotten,say
rotten,tha
rotten,sed_to
rotten,sed_tg
rotten,sed_tr
rotten,bun_td
rotten,bun_bh
rotten,bun_vt
rotten,bun_bn
rotten,bun_ib
rotten,pai_es
rotten,pai_nt
rotten,pai_ct
rotten,pai_st
rotten,ruk_es
rotten,ruk_bd
rotten,ruk_tw
rotten,ruk_tn
rotten,ruk_mg
rotten,ruk_mn
rotten,puy_py
rotten,puy_tp
rotten,puy_ws
rotten,puy_ks
rotten,trv
rotten,tso
rotten,knv
rotten,hla
rotten,yam
rotten,sak
dirty,pan
straight,pan
round,ami_nt
round,ami_hk
round,ami_ha
round,ami_ml
round,ami_hc
round,ata_sq
round,ata_su
round,ata_ml
round,ata_pl
round,ata_sk
round,ata_kl
round,say
round,tha
round,sed_to
round,sed_tg
round,sed_tr
round,bun_td
round,bun_bh
round,bun_vt
round,bun_bn
round,bun_ib
round,pai_es
round,pai_nt
round,pai_ct
round,pai_st
round,ruk_es
round,ruk_bd
round,ruk_tw
round,ruk_tn
round,ruk_mg
round,ruk_mn
round,puy_py
round,puy_tp
round,puy_ws
round,puy_ks
round,trv
round,kav
round,tso
round,knv
round,hla
round,yam
round,sak
round,pan
sharp,ami_nt
sharp,ami_hk
sharp,ami_ha
sharp,ami_ml
sharp,ami_hc
sharp,ata_sq
sharp,ata_su
sharp,ata_ml
sharp,ata_pl
sharp,ata_sk
sharp,ata_kl
sharp,say
sharp,tha
sharp,sed_to
sharp,sed_tg
sharp,sed_tr
sharp,bun_td
sharp,bun_bh
sharp,bun_vt
sharp,bun_bn
sharp,bun_ib
sharp,pai_es
sharp,pai_nt
sharp,pai_ct
sharp,pai_st
sharp,ruk_es
sharp,ruk_bd
sharp,ruk_tw
sharp,ruk_tn
sharp,ruk_mg
sharp,ruk_mn
sharp,puy_py
sharp,puy_tp
sharp,puy_ws
sharp,puy_ks
sharp,trv
sharp,kav
sharp,tso
sharp,knv
sharp,hla
sharp,yam
sharp,sak
dull,pan
wet,pan
in,pan
with,ami_nt
with,ami_hk
with,ami_ha
with,ami_ml
with,ami_hc
with,ata_sq
with,ata_su
with,ata_ml
with,ata_pl
with,ata_sk
with,ata_kl
with,say
with,tha
with,sed_to
with,sed_tg
with,sed_tr
with,bun_td
with,bun_bh
with,bun_vt
with,bun_bn
with,bun_ib
with,pai_es
with,pai_nt
with,pai_ct
with,pai_st
with,ruk_es
with,ruk_bd
with,ruk_tw
with,ruk_tn
with,ruk_mg
with,ruk_mn
with,puy_py
with,puy_tp
with,puy_ws
with,puy_ks
with,trv
with,kav
with,tso
with,knv
with,hla
with,yam
with,sak
with,pan
with,pmp
because,puy_py
because,kav
because,pan
